0;1;2;3;4;5;6;7;8;9;10;11;12;13;14;15;16;17;18;19;20;21;22;23;24;25;26;27;28;29;30;31;32;33;34;35;36;37;38;39;40;41;42;43;44;45;46;47;48;49;50;51;52;53;54;55;56;57;58;59;60;61;62;63;64;65;66;67;68;69;70;71;72;73;74;75;76;77;78;79;80;81;82;83;84;85;86;87;88;89;90;91;92;93;94
-0.057;0.007;-0.001;0;0;0;0;0;0;0.001;-0.035;-0.018;0.001;-0.033;-0.022;0;0;0;0;0;0;0.713;0.096;-0.105;0.952;0.11;0.009;-0.109;0;0.704;0.222;-0.154;0.953;-0.002;-0.032;-0.159;0;0;0;-0.775;0.122;-0.078;0.79;0.051;0.125;-1;0;0;-0.701;0.149;-0.118;0.643;-0.817;0.293;0.124;-1;-0.194;0.033;0.161;-0.817;-0.995;-0.996;-0.368;0.711;-1;0.811;0.468;-0.309;-1;-1;-1;-0.819;-0.991;-0.889;-0.042;-1;-0.082;0.15;0.391;0.169;0.499;0.481;0.76;-0.74;1;-1;-0.692;-1;-1;-1;-0.251;-1;-0.397;-0.828;0.029
-0.057;0.007;-0.001;0;0;0;0;0;0;0.001;-0.035;-0.018;0.001;-0.033;-0.022;0;0;0;0;0;0;0.713;0.096;-0.105;0.952;0.11;0.009;-0.109;0;0.704;0.223;-0.153;0.953;-0.002;-0.032;-0.159;0;0;0;-0.775;0.123;-0.077;0.789;0.051;0.125;-1;0;0;-0.701;0.15;-0.118;0.642;-0.816;0.293;0.124;-1;-0.194;0.033;0.161;-0.817;-0.995;-0.996;-0.368;0.711;-1;0.811;0.468;-0.309;-1;-1;-1;-0.819;-0.991;-0.889;-0.042;-1;-0.082;0.15;0.391;0.169;0.499;0.481;0.76;-0.74;1;-1;-0.692;-1;-1;-1;-0.251;-1;-0.397;-0.828;0.029
-0.056;0.007;-0.001;0;0;0;0;0;0;0.001;-0.037;-0.018;0.001;-0.035;-0.021;0;0;0;0;0;0;0.713;0.096;-0.105;0.952;0.111;0.009;-0.109;0;0.704;0.223;-0.154;0.953;-0.003;-0.032;-0.159;0;0;0;-0.776;0.123;-0.077;0.788;0.05;0.125;-1;0;0;-0.702;0.15;-0.117;0.635;-0.816;0.293;0.124;-1;-0.194;0.033;0.161;-0.817;-0.995;-0.996;-0.368;0.711;-1;0.811;0.468;-0.309;-1;-1;-1;-0.819;-0.991;-0.889;-0.042;-1;-0.082;0.15;0.391;0.169;0.499;0.481;0.76;-0.74;1;-1;-0.692;-1;-1;-1;-0.251;-1;-0.397;-0.828;0.029
-0.056;0.007;-0.002;0;0;0;0;0;0;0.001;-0.037;-0.018;0.001;-0.035;-0.022;0;0;0;0;0;0;0.713;0.096;-0.105;0.952;0.111;0.009;-0.108;0;0.704;0.223;-0.154;0.953;-0.003;-0.033;-0.159;0;0;0;-0.776;0.124;-0.08;0.787;0.049;0.125;-1;0;0;-0.702;0.151;-0.12;0.629;-0.815;0.293;0.125;-1;-0.194;0.033;0.161;-0.817;-0.995;-0.996;-0.368;0.711;-1;0.811;0.468;-0.309;-1;-1;-1;-0.819;-0.991;-0.889;-0.042;-1;-0.082;0.15;0.391;0.169;0.499;0.481;0.76;-0.74;1;-1;-0.692;-1;-1;-1;-0.251;-1;-0.397;-0.828;0.029
-0.056;0.006;-0.002;0;0;0;0;0;0;0.001;-0.037;-0.017;0.001;-0.035;-0.021;0;0;0;0;0;0;0.713;0.096;-0.105;0.952;0.112;0.009;-0.108;0;0.704;0.223;-0.154;0.953;-0.004;-0.033;-0.16;0;0;0;-0.776;0.124;-0.084;0.787;0.048;0.125;-1;0;0;-0.702;0.151;-0.125;0.62;-0.814;0.293;0.125;-1;-0.194;0.033;0.161;-0.817;-0.995;-0.996;-0.368;0.711;-1;0.811;0.468;-0.309;-1;-1;-1;-0.819;-0.991;-0.889;-0.042;-1;-0.082;0.15;0.391;0.169;0.499;0.481;0.76;-0.74;1;-1;-0.692;-1;-1;-1;-0.251;-1;-0.397;-0.828;0.029
-0.055;0.006;-0.003;0;0;0;0;0;0;-0.003;-0.035;-0.013;-0.003;-0.034;-0.017;0;0;0;0;0;0;0.713;0.096;-0.105;0.952;0.113;0.009;-0.107;0;0.704;0.223;-0.153;0.953;-0.005;-0.033;-0.16;0;0;0;-0.776;0.124;-0.088;0.786;0.048;0.125;-1;0;0;-0.702;0.152;-0.132;0.608;-0.813;0.293;0.125;-1;-0.194;0.033;0.161;-0.817;-0.995;-0.996;-0.368;0.711;-1;0.811;0.468;-0.309;-1;-1;-1;-0.819;-0.991;-0.889;-0.042;-1;-0.082;0.15;0.391;0.169;0.499;0.481;0.76;-0.74;1;-1;-0.692;-1;-1;-1;-0.251;-1;-0.397;-0.828;0.029
-0.055;0.006;-0.003;0;0;0;0;0;0;-0.027;-0.035;-0.001;-0.027;-0.035;-0.004;0;0;0;0;0;0;0.713;0.096;-0.106;0.953;0.113;0.009;-0.107;0;0.704;0.223;-0.152;0.953;-0.005;-0.033;-0.16;0;0;0;-0.777;0.124;-0.09;0.785;0.047;0.125;-1;0;0;-0.702;0.152;-0.139;0.593;-0.813;0.293;0.124;-1;-0.194;0.033;0.161;-0.817;-0.995;-0.996;-0.368;0.711;-1;0.811;0.468;-0.309;-1;-1;-1;-0.819;-0.991;-0.889;-0.042;-1;-0.082;0.15;0.391;0.169;0.499;0.481;0.76;-0.74;1;-1;-0.692;-1;-1;-1;-0.251;-1;-0.397;-0.828;0.029
-0.055;0.006;-0.003;0;0;0;0;0;0;-0.038;-0.034;0.005;-0.038;-0.035;0.001;0;0;0;0;0;0;0.713;0.096;-0.106;0.953;0.113;0.009;-0.107;0;0.704;0.223;-0.152;0.953;-0.006;-0.033;-0.16;0;0;0;-0.777;0.124;-0.091;0.785;0.047;0.125;-1;0;0;-0.702;0.152;-0.143;0.587;-0.812;0.293;0.124;-1;-0.194;0.033;0.161;-0.817;-0.995;-0.996;-0.368;0.711;-1;0.811;0.468;-0.309;-1;-1;-1;-0.819;-0.991;-0.889;-0.042;-1;-0.082;0.15;0.391;0.169;0.499;0.481;0.76;-0.74;1;-1;-0.692;-1;-1;-1;-0.251;-1;-0.397;-0.828;0.029
-0.055;0.006;-0.003;0;0;0;0;0;0;-0.079;-0.031;0.023;-0.078;-0.033;0.019;0;0;0;0;0;0;0.713;0.096;-0.107;0.953;0.114;0.009;-0.107;0;0.705;0.223;-0.151;0.953;-0.006;-0.033;-0.16;0;0;0;-0.777;0.124;-0.094;0.784;0.046;0.125;-1;0;0;-0.702;0.153;-0.15;0.572;-0.811;0.293;0.125;-1;-0.194;0.033;0.161;-0.817;-0.995;-0.996;-0.368;0.711;-1;0.811;0.468;-0.309;-1;-1;-1;-0.819;-0.991;-0.889;-0.042;-1;-0.082;0.15;0.391;0.169;0.499;0.481;0.76;-0.74;1;-1;-0.692;-1;-1;-1;-0.251;-1;-0.397;-0.828;0.029
-0.055;0.006;-0.003;0;0;0;0;0;0;-0.129;-0.024;0.042;-0.129;-0.029;0.039;0;0;0;0;0;0;0.713;0.097;-0.108;0.953;0.114;0.009;-0.107;0;0.705;0.223;-0.15;0.953;-0.007;-0.033;-0.16;0;0;0;-0.777;0.124;-0.096;0.784;0.046;0.125;-1;0;0;-0.702;0.153;-0.159;0.55;-0.81;0.293;0.125;-1;-0.194;0.033;0.161;-0.817;-0.995;-0.996;-0.368;0.711;-1;0.811;0.468;-0.309;-1;-1;-1;-0.819;-0.991;-0.889;-0.042;-1;-0.082;0.15;0.391;0.169;0.499;0.481;0.76;-0.74;1;-1;-0.692;-1;-1;-1;-0.251;-1;-0.397;-0.828;0.029
-0.054;0.006;-0.003;0;0;0;0;0;0;-0.182;-0.016;0.066;-0.182;-0.023;0.063;0;0;0;0;0;0;0.713;0.097;-0.109;0.953;0.115;0.009;-0.107;0;0.705;0.223;-0.149;0.953;-0.008;-0.033;-0.16;0;0;0;-0.777;0.124;-0.093;0.784;0.046;0.125;-1;0;0;-0.702;0.153;-0.165;0.516;-0.808;0.293;0.124;-1;-0.194;0.033;0.161;-0.817;-0.995;-0.996;-0.368;0.711;-1;0.811;0.468;-0.309;-1;-1;-1;-0.819;-0.991;-0.889;-0.042;-1;-0.082;0.15;0.391;0.169;0.499;0.481;0.76;-0.74;1;-1;-0.692;-1;-1;-1;-0.251;-1;-0.397;-0.828;0.029
-0.054;0.006;-0.002;0;0;0;0;0;0;-0.211;-0.004;0.085;-0.211;-0.013;0.083;0;0;0;0;0;0;0.713;0.098;-0.111;0.953;0.116;0.009;-0.107;0;0.705;0.222;-0.148;0.953;-0.009;-0.033;-0.16;0;0;0;-0.777;0.124;-0.085;0.786;0.047;0.125;-1;0;0;-0.701;0.153;-0.168;0.458;-0.806;0.293;0.124;-1;-0.194;0.033;0.161;-0.817;-0.995;-0.996;-0.368;0.711;-1;0.811;0.468;-0.309;-1;-1;-1;-0.819;-0.991;-0.889;-0.042;-1;-0.082;0.15;0.391;0.169;0.499;0.481;0.76;-0.74;1;-1;-0.692;-1;-1;-1;-0.251;-1;-0.397;-0.828;0.029
-0.054;0.005;-0.002;0;0;0;0;0;0;-0.223;0.004;0.097;-0.224;-0.007;0.097;0;0;0;0;0;0;0.713;0.098;-0.113;0.954;0.118;0.008;-0.107;0;0.705;0.222;-0.146;0.953;-0.01;-0.034;-0.16;0;0;0;-0.777;0.124;-0.082;0.787;0.048;0.125;-1;0;0;-0.699;0.153;-0.164;0.407;-0.805;0.293;0.125;-1;-0.194;0.033;0.161;-0.817;-0.995;-0.996;-0.368;0.711;-1;0.811;0.468;-0.309;-1;-1;-1;-0.819;-0.991;-0.889;-0.042;-1;-0.082;0.15;0.391;0.169;0.499;0.481;0.76;-0.74;1;-1;-0.692;-1;-1;-1;-0.251;-1;-0.397;-0.828;0.029
-0.054;0.005;-0.001;0;0;0;0;0;0;-0.259;0.037;0.129;-0.259;0.024;0.131;0;0;0;0;0;0;0.712;0.099;-0.116;0.955;0.12;0.008;-0.109;0;0.705;0.221;-0.144;0.954;-0.011;-0.034;-0.16;0;0;0;-0.777;0.124;-0.077;0.788;0.048;0.125;-1;0;0;-0.696;0.153;-0.15;0.305;-0.804;0.293;0.125;-1;-0.194;0.033;0.161;-0.817;-0.995;-0.996;-0.368;0.711;-1;0.811;0.468;-0.309;-1;-1;-1;-0.819;-0.991;-0.889;-0.042;-1;-0.082;0.15;0.391;0.169;0.499;0.481;0.76;-0.74;1;-1;-0.692;-1;-1;-1;-0.251;-1;-0.397;-0.828;0.029
-0.054;0.005;-0.001;0;0;0;0;0;0;-0.271;0.045;0.131;-0.272;0.031;0.134;0;0;0;0;0;0;0.711;0.101;-0.12;0.956;0.122;0.007;-0.11;0;0.704;0.221;-0.143;0.954;-0.012;-0.034;-0.16;0;0;0;-0.777;0.124;-0.075;0.788;0.049;0.125;-1;0;0;-0.689;0.153;-0.138;0.223;-0.807;0.293;0.125;-1;-0.194;0.033;0.161;-0.817;-0.995;-0.996;-0.368;0.711;-1;0.811;0.468;-0.309;-1;-1;-1;-0.819;-0.991;-0.889;-0.042;-1;-0.082;0.15;0.391;0.169;0.499;0.481;0.76;-0.74;1;-1;-0.692;-1;-1;-1;-0.251;-1;-0.397;-0.828;0.029
-0.054;0.005;0;0;0;0;0;0;0;-0.286;0.056;0.134;-0.286;0.042;0.138;0;0;0;0;0;0;0.71;0.102;-0.124;0.957;0.125;0.007;-0.113;0;0.703;0.22;-0.141;0.955;-0.012;-0.034;-0.16;0;0;0;-0.778;0.124;-0.072;0.788;0.049;0.125;-1;0;0;-0.679;0.149;-0.128;0.115;-0.809;0.293;0.124;-1;-0.194;0.033;0.161;-0.817;-0.995;-0.996;-0.368;0.711;-1;0.811;0.468;-0.309;-1;-1;-1;-0.819;-0.991;-0.889;-0.042;-1;-0.082;0.15;0.391;0.169;0.499;0.481;0.76;-0.74;1;-1;-0.692;-1;-1;-1;-0.251;-1;-0.397;-0.828;0.029
-0.053;0.005;0.001;0;0;0;0;0;0;-0.305;0.072;0.143;-0.305;0.057;0.148;0;0;0;0;0;0;0.707;0.104;-0.129;0.959;0.128;0.006;-0.116;0;0.702;0.219;-0.14;0.956;-0.012;-0.034;-0.16;0;0;0;-0.778;0.125;-0.066;0.788;0.048;0.125;-1;0;0;-0.667;0.139;-0.118;0.012;-0.81;0.293;0.125;-1;-0.194;0.033;0.161;-0.817;-0.995;-0.996;-0.368;0.711;-1;0.811;0.468;-0.309;-1;-1;-1;-0.819;-0.991;-0.889;-0.042;-1;-0.082;0.15;0.391;0.169;0.499;0.481;0.76;-0.74;1;-1;-0.692;-1;-1;-1;-0.251;-1;-0.397;-0.828;0.029
-0.053;0.004;0.002;0;0;0;0;0;0;-0.307;0.075;0.148;-0.308;0.06;0.153;0;0;0;0;0;0;0.706;0.106;-0.134;0.961;0.129;0.005;-0.118;0;0.701;0.218;-0.139;0.957;-0.012;-0.035;-0.16;0;0;0;-0.778;0.125;-0.055;0.79;0.048;0.125;-1;0;0;-0.639;0.105;-0.168;-0.061;-0.808;0.293;0.125;-1;-0.194;0.033;0.161;-0.817;-0.995;-0.996;-0.368;0.711;-1;0.811;0.468;-0.309;-1;-1;-1;-0.819;-0.991;-0.889;-0.042;-1;-0.082;0.15;0.391;0.169;0.499;0.481;0.76;-0.74;1;-1;-0.692;-1;-1;-1;-0.251;-1;-0.397;-0.828;0.029
-0.052;0.003;0.003;0;0;0;0;0;0;-0.313;0.063;0.157;-0.314;0.047;0.161;0;0;0;0;0;0;0.702;0.108;-0.139;0.963;0.132;0.004;-0.122;0;0.699;0.217;-0.138;0.959;-0.011;-0.035;-0.16;0;0;0;-0.778;0.126;-0.033;0.793;0.048;0.125;-1;0;0;-0.6;0.031;-0.181;-0.182;-0.718;0.589;0.544;-1;-0.194;0.033;0.161;-0.817;-0.995;-0.996;-0.368;0.711;-1;0.811;0.468;-0.309;-1;-1;-1;-0.819;-0.991;-0.889;-0.042;-1;0.05;-0.011;0.372;0.642;-0.327;0.834;0.999;-0.364;1;-0.899;-0.473;-0.69;-1;-0.935;-0.065;-0.807;-0.323;-0.571;0.084
-0.051;0.002;0.004;0;0;0;0;0;0;-0.322;0.06;0.157;-0.323;0.044;0.16;0;0;0;0;0;0;0.7;0.11;-0.143;0.964;0.133;0.004;-0.125;0;0.697;0.217;-0.137;0.96;-0.01;-0.035;-0.16;0;0;0;-0.778;0.127;-0.016;0.796;0.047;0.125;-1;0;0;-0.582;-0.016;-0.14;-0.249;-0.713;0.655;0.723;-1;-0.194;0.033;0.161;-0.817;-0.995;-0.996;-0.368;0.711;-1;0.811;0.468;-0.309;-1;-1;-1;-0.819;-0.991;-0.889;-0.042;-1;-0.033;0.022;0.429;0.72;-0.609;0.82;0.869;-0.312;0.555;-0.931;-0.494;-0.689;-1;-0.952;-0.068;-0.823;-0.182;-0.577;0.029
-0.062;0.006;0.005;0;0;0;0;0;0;-0.397;0.169;0.199;-0.398;0.149;0.213;0;0;0;0;0;0;0.713;0.098;-0.136;0.955;0.111;0.006;-0.122;0;0.7;0.214;-0.125;0.951;0.001;-0.021;-0.165;0;0;0;-0.764;0.116;-0.084;0.794;0.05;0.125;-1;0;0;-0.601;0.022;-0.191;-0.311;-0.62;0.603;0.635;-1;-0.194;0.033;0.161;-0.817;-0.995;-0.996;-0.368;0.711;-1;0.811;0.468;-0.309;-1;-1;-1;-0.819;-0.991;-0.889;-0.042;-1;0.614;-0.1;0.268;0.599;-0.682;0.998;1;-0.302;-1;-0.676;-0.422;-0.603;1;-0.79;-0.125;-0.671;0.787;-0.498;-0.162
-0.05;0;0.003;0;0;0;0;0;0;-0.345;0.041;0.148;-0.345;0.026;0.15;0;0;0;0;0;0;0.695;0.114;-0.143;0.966;0.134;0.006;-0.132;0;0.694;0.215;-0.139;0.961;-0.01;-0.033;-0.159;0;0;0;-0.777;0.128;-0.001;0.8;0.046;0.125;-1;0;0;-0.573;-0.098;0.007;-0.333;-0.685;0.702;1;-1;-0.194;0.033;0.161;-0.817;-0.995;-0.996;-0.368;0.711;-1;0.811;0.468;-0.309;-1;-1;-1;-0.819;-0.991;-0.889;-0.042;-1;-0.56;0.327;0.66;0.7;-0.494;0.638;0.635;-0.501;0.401;-1;-0.544;-0.823;-0.567;-1;-0.206;-0.93;0.067;-0.673;-0.232
-0.049;-0.003;0;0;0;0;0;0;0;-0.356;0.033;0.137;-0.356;0.018;0.138;0;0;0;0;0;0;0.693;0.116;-0.141;0.966;0.135;0.008;-0.136;0;0.692;0.215;-0.143;0.961;-0.01;-0.032;-0.159;0;0;0;-0.777;0.126;-0.014;0.803;0.048;0.126;-1;0;0;-0.57;-0.134;0.113;-0.362;-0.689;0.624;1;-1;-0.194;0.033;0.161;-0.817;-0.995;-0.996;-0.368;0.711;-1;0.811;0.468;-0.309;-1;-1;-1;-0.819;-0.991;-0.889;-0.042;-1;-0.92;0.472;0.684;0.594;-0.276;0.511;0.572;-0.716;0.612;-1;-0.474;-0.978;-0.352;-1;-0.256;-1;0.216;-0.763;-0.314
-0.049;-0.004;-0.003;0;0;0;0;0;0;-0.358;0.031;0.132;-0.359;0.017;0.132;0;0;0;0;0;0;0.691;0.117;-0.14;0.966;0.137;0.009;-0.138;0;0.691;0.214;-0.146;0.961;-0.011;-0.033;-0.158;0;0;0;-0.777;0.123;-0.034;0.804;0.052;0.125;-1;0;0;-0.561;-0.144;0.169;-0.37;-0.695;0.568;1;-1;-0.194;0.033;0.161;-0.817;-0.995;-0.996;-0.368;0.711;-1;0.811;0.468;-0.309;-1;-1;-1;-0.819;-0.991;-0.889;-0.042;-1;-1;0.512;0.677;0.544;-0.192;0.471;0.567;-0.808;0.739;-1;-0.423;-1;-0.283;-1;-0.258;-1;0.271;-0.797;-0.314
-0.048;-0.007;-0.007;0;0;0;0;0;0;-0.353;0.026;0.126;-0.353;0.013;0.127;0;0;0;0;0;0;0.688;0.119;-0.137;0.966;0.138;0.01;-0.14;0;0.689;0.214;-0.15;0.961;-0.013;-0.033;-0.158;0;0;0;-0.776;0.119;-0.06;0.807;0.058;0.126;-1;0;0;-0.545;-0.155;0.251;-0.366;-0.695;0.456;1;-1;-0.194;0.033;0.161;-0.817;-0.995;-0.996;-0.368;0.711;-1;0.811;0.468;-0.309;-1;-1;-1;-0.819;-0.991;-0.889;-0.042;-1;-1;0.519;0.629;0.472;-0.028;0.442;0.602;-0.944;1;-1;-0.297;-1;-0.334;-1;-0.22;-1;0.299;-0.829;-0.265
-0.048;-0.009;-0.01;0;0;0;0;0;0;-0.351;0.024;0.123;-0.351;0.011;0.124;0;0;0;0;0;0;0.686;0.121;-0.136;0.966;0.14;0.011;-0.141;0;0.689;0.213;-0.152;0.961;-0.014;-0.033;-0.158;0;0;0;-0.775;0.116;-0.077;0.809;0.063;0.126;-1;0;0;-0.533;-0.155;0.282;-0.35;-0.69;0.414;1;-1;-0.194;0.033;0.161;-0.817;-0.995;-0.996;-0.368;0.711;-1;0.811;0.468;-0.309;-1;-1;-1;-0.819;-0.991;-0.889;-0.042;-1;-1;0.502;0.607;0.459;0.03;0.455;0.631;-0.978;1;-1;-0.241;-1;-0.472;-1;-0.196;-1;0.264;-0.831;-0.229
-0.048;-0.01;-0.012;0;0;0;0;0;0;-0.349;0.025;0.119;-0.349;0.012;0.12;0;0;0;0;0;0;0.684;0.123;-0.135;0.966;0.14;0.013;-0.142;0;0.689;0.213;-0.153;0.96;-0.016;-0.034;-0.158;0;0;0;-0.774;0.111;-0.096;0.813;0.072;0.127;-1;0;0;-0.515;-0.153;0.321;-0.32;-0.667;0.337;0.965;-1;-0.194;0.033;0.161;-0.817;-0.995;-0.996;-0.368;0.711;-1;0.811;0.468;-0.309;-1;-1;-1;-0.819;-0.991;-0.889;-0.042;-1;-1;0.444;0.562;0.467;0.139;0.505;0.701;-1;1;-1;-0.146;-1;-0.786;-1;-0.138;-1;0.17;-0.812;-0.158
-0.06;0.014;0.008;0;0;0;0;0;0;-0.411;0.141;0.16;-0.411;0.125;0.171;0;0;0;0;0;0;0.703;0.117;-0.152;0.958;0.111;0.006;-0.152;0;0.695;0.198;-0.11;0.95;-0.001;-0.015;-0.163;0;0;0;-0.757;0.117;-0.086;0.794;0.049;0.125;-1;0;0;-0.61;-0.093;0.259;-0.279;-0.961;0;1;-1;-0.194;0.033;0.161;-0.817;-0.995;-0.996;-0.368;0.711;-1;0.811;0.468;-0.309;-1;-1;-1;-0.819;-0.991;-0.889;-0.042;-1;-0.688;0.358;0.504;0.423;0.169;0.683;0.766;-1;0.642;-1;-0.426;-1;0.359;-1;-0.285;-1;0.563;-0.81;0.03
-0.048;-0.011;-0.012;0;0;0;0;0;0;-0.349;0.028;0.119;-0.349;0.015;0.12;0;0;0;0;0;0;0.68;0.126;-0.134;0.965;0.139;0.015;-0.144;0;0.69;0.212;-0.151;0.959;-0.018;-0.036;-0.159;0;0;0;-0.772;0.105;-0.099;0.818;0.08;0.128;-1;0;0;-0.495;-0.148;0.35;-0.275;-0.642;0.254;0.849;-1;-0.194;0.033;0.161;-0.817;-0.995;-0.996;-0.368;0.711;-1;0.811;0.468;-0.309;-1;-1;-1;-0.819;-0.991;-0.889;-0.042;-1;-0.796;0.326;0.485;0.506;0.256;0.557;0.731;-0.989;1;-1;-0.078;-1;-1;-1;-0.098;-1;0.07;-0.761;-0.079
-0.048;-0.012;-0.012;0;0;0;0;0;0;-0.348;0.029;0.12;-0.348;0.016;0.121;0;0;0;0;0;0;0.679;0.127;-0.134;0.965;0.139;0.015;-0.144;0;0.69;0.212;-0.152;0.959;-0.018;-0.037;-0.159;0;0;0;-0.771;0.104;-0.101;0.82;0.083;0.129;-1;0;0;-0.49;-0.146;0.352;-0.257;-0.641;0.239;0.815;-1;-0.194;0.033;0.161;-0.817;-0.995;-0.996;-0.368;0.711;-1;0.811;0.468;-0.309;-1;-1;-1;-0.819;-0.991;-0.889;-0.042;-1;-0.719;0.286;0.463;0.519;0.288;0.565;0.728;-0.977;1;-1;-0.064;-1;-1;-1;-0.094;-1;0.051;-0.745;-0.053
-0.049;-0.012;-0.011;0;0;0;0;0;0;-0.345;0.031;0.123;-0.346;0.018;0.124;0;0;0;0;0;0;0.677;0.129;-0.134;0.964;0.139;0.016;-0.145;0;0.691;0.212;-0.152;0.958;-0.02;-0.038;-0.158;0;0;0;-0.77;0.101;-0.1;0.822;0.087;0.129;-1;0;0;-0.481;-0.143;0.353;-0.228;-0.638;0.223;0.746;-1;-0.194;0.033;0.161;-0.817;-0.995;-0.996;-0.368;0.711;-1;0.811;0.468;-0.309;-1;-1;-1;-0.819;-0.991;-0.889;-0.042;-1;-0.563;0.222;0.446;0.533;0.337;0.566;0.716;-0.946;1;-1;-0.05;-1;-1;-1;-0.097;-1;0.008;-0.719;-0.015
-0.049;-0.011;-0.011;0;0;0;0;0;0;-0.345;0.032;0.125;-0.346;0.019;0.126;0;0;0;0;0;0;0.676;0.13;-0.133;0.964;0.14;0.017;-0.145;0;0.691;0.212;-0.152;0.958;-0.02;-0.039;-0.158;0;0;0;-0.769;0.1;-0.1;0.823;0.089;0.13;-1;0;0;-0.478;-0.141;0.351;-0.214;-0.638;0.219;0.715;-1;-0.194;0.033;0.161;-0.817;-0.995;-0.996;-0.368;0.711;-1;0.811;0.468;-0.309;-1;-1;-1;-0.819;-0.991;-0.889;-0.042;-1;-0.498;0.202;0.446;0.528;0.348;0.557;0.705;-0.93;1;-1;-0.059;-1;-1;-1;-0.107;-1;-0.01;-0.712;-0.006
-0.05;-0.01;-0.009;0;0;0;0;0;0;-0.342;0.036;0.126;-0.343;0.023;0.128;0;0;0;0;0;0;0.674;0.131;-0.133;0.963;0.14;0.017;-0.145;0;0.692;0.212;-0.152;0.957;-0.022;-0.04;-0.158;0;0;0;-0.768;0.098;-0.096;0.824;0.092;0.13;-1;0;0;-0.472;-0.139;0.346;-0.193;-0.642;0.209;0.655;-1;-0.194;0.033;0.161;-0.817;-0.995;-0.996;-0.368;0.711;-1;0.811;0.468;-0.309;-1;-1;-1;-0.819;-0.991;-0.889;-0.042;-1;-0.378;0.178;0.459;0.522;0.36;0.556;0.705;-0.903;1;-1;-0.076;-1;-1;-1;-0.128;-1;-0.021;-0.709;0.005
-0.05;-0.01;-0.009;0;0;0;0;0;0;-0.343;0.038;0.126;-0.343;0.025;0.128;0;0;0;0;0;0;0.673;0.132;-0.132;0.963;0.14;0.017;-0.145;0;0.693;0.212;-0.153;0.957;-0.022;-0.04;-0.157;0;0;0;-0.768;0.097;-0.095;0.824;0.094;0.13;-1;0;0;-0.471;-0.138;0.342;-0.183;-0.642;0.206;0.631;-1;-0.194;0.033;0.161;-0.817;-0.995;-0.996;-0.368;0.711;-1;0.811;0.468;-0.309;-1;-1;-1;-0.819;-0.991;-0.889;-0.042;-1;-0.326;0.173;0.472;0.53;0.358;0.567;0.712;-0.893;1;-1;-0.09;-1;-1;-1;-0.135;-1;-0.031;-0.712;0.01
-0.051;-0.008;-0.007;0;0;0;0;0;0;-0.342;0.042;0.126;-0.342;0.029;0.128;0;0;0;0;0;0;0.672;0.132;-0.131;0.962;0.14;0.017;-0.145;0;0.694;0.212;-0.153;0.957;-0.023;-0.041;-0.157;0;0;0;-0.767;0.096;-0.09;0.825;0.096;0.131;-1;0;0;-0.469;-0.137;0.335;-0.169;-0.64;0.204;0.596;-1;-0.194;0.033;0.161;-0.817;-0.995;-0.996;-0.368;0.711;-1;0.811;0.468;-0.309;-1;-1;-1;-0.819;-0.991;-0.889;-0.042;-1;-0.232;0.174;0.496;0.563;0.338;0.596;0.726;-0.863;1;-1;-0.123;-1;-1;-1;-0.141;-1;-0.057;-0.71;0.018
-0.059;0.018;-0.002;0;0;0;0;0;0;-0.247;0.084;-0.316;-0.25;0.118;-0.303;0;0;0;0;0;0;0.62;0.177;-0.137;0.961;0.119;0.021;-0.169;0;0.721;0.166;-0.127;0.944;-0.013;-0.026;-0.159;0;0;0;-0.743;0.093;-0.069;0.818;0.083;0.13;-1;0;0;-0.301;-0.417;0.093;-0.206;-0.526;0.148;-0.35;-1;-0.194;0.033;0.161;-0.817;-0.995;-0.996;-0.368;0.711;-1;0.811;0.468;-0.309;-1;-1;-1;-0.819;-0.991;-0.889;-0.042;-1;0.738;0.29;0.664;-0.059;0.378;0.443;0.669;-0.892;1;-0.95;-0.301;-1;-1;-1;-0.136;-1;-0.061;-0.754;-0.116
-0.052;-0.006;-0.005;0;0;0;0;0;0;-0.347;0.047;0.127;-0.347;0.034;0.13;0;0;0;0;0;0;0.67;0.133;-0.128;0.961;0.139;0.017;-0.145;0;0.695;0.213;-0.152;0.957;-0.024;-0.042;-0.157;0;0;0;-0.767;0.095;-0.082;0.825;0.098;0.131;-1;0;0;-0.468;-0.137;0.32;-0.157;-0.633;0.214;0.577;-1;-0.194;0.033;0.161;-0.817;-0.995;-0.996;-0.368;0.711;-1;0.811;0.468;-0.309;-1;-1;-1;-0.819;-0.991;-0.889;-0.042;-1;-0.147;0.188;0.516;0.613;0.268;0.605;0.717;-0.816;1;-1;-0.177;-1;-1;-1;-0.147;-1;-0.093;-0.707;0.022
-0.052;-0.005;-0.005;0;0;0;0;0;0;-0.349;0.047;0.128;-0.349;0.033;0.131;0;0;0;0;0;0;0.669;0.133;-0.126;0.961;0.138;0.017;-0.145;0;0.695;0.213;-0.152;0.956;-0.024;-0.042;-0.157;0;0;0;-0.766;0.094;-0.081;0.824;0.098;0.131;-1;0;0;-0.469;-0.137;0.311;-0.156;-0.633;0.219;0.58;-1;-0.194;0.033;0.161;-0.817;-0.995;-0.996;-0.368;0.711;-1;0.811;0.468;-0.309;-1;-1;-1;-0.819;-0.991;-0.889;-0.042;-1;-0.137;0.194;0.519;0.624;0.246;0.601;0.708;-0.809;1;-1;-0.186;-1;-1;-1;-0.152;-1;-0.093;-0.709;0.021
-0.053;-0.004;-0.004;0;0;0;0;0;0;-0.35;0.045;0.129;-0.35;0.032;0.131;0;0;0;0;0;0;0.669;0.133;-0.124;0.96;0.138;0.017;-0.145;0;0.696;0.214;-0.153;0.956;-0.024;-0.043;-0.157;0;0;0;-0.766;0.094;-0.076;0.823;0.098;0.131;-1;0;0;-0.47;-0.138;0.298;-0.154;-0.635;0.228;0.592;-1;-0.194;0.033;0.161;-0.817;-0.995;-0.996;-0.368;0.711;-1;0.811;0.468;-0.309;-1;-1;-1;-0.819;-0.991;-0.889;-0.042;-1;-0.124;0.207;0.526;0.642;0.214;0.594;0.697;-0.797;1;-1;-0.19;-1;-1;-1;-0.155;-1;-0.083;-0.711;0.017
-0.053;-0.004;-0.003;0;0;0;0;0;0;-0.349;0.043;0.127;-0.35;0.029;0.129;0;0;0;0;0;0;0.668;0.133;-0.122;0.96;0.137;0.017;-0.144;0;0.697;0.215;-0.154;0.956;-0.023;-0.043;-0.156;0;0;0;-0.766;0.094;-0.073;0.822;0.098;0.131;-1;0;0;-0.471;-0.138;0.291;-0.153;-0.634;0.234;0.6;-1;-0.194;0.033;0.161;-0.817;-0.995;-0.996;-0.368;0.711;-1;0.811;0.468;-0.309;-1;-1;-1;-0.819;-0.991;-0.889;-0.042;-1;-0.117;0.214;0.529;0.651;0.202;0.592;0.692;-0.79;1;-1;-0.191;-1;-1;-1;-0.157;-1;-0.083;-0.713;0.016
-0.054;-0.003;-0.002;0;0;0;0;0;0;-0.343;0.034;0.119;-0.343;0.022;0.121;0;0;0;0;0;0;0.668;0.132;-0.119;0.959;0.136;0.017;-0.144;0;0.697;0.215;-0.155;0.956;-0.023;-0.043;-0.156;0;0;0;-0.766;0.094;-0.068;0.82;0.098;0.131;-1;0;0;-0.473;-0.139;0.283;-0.152;-0.636;0.246;0.613;-1;-0.194;0.033;0.161;-0.817;-0.995;-0.996;-0.368;0.711;-1;0.811;0.468;-0.309;-1;-1;-1;-0.819;-0.991;-0.889;-0.042;-1;-0.107;0.222;0.531;0.661;0.187;0.586;0.684;-0.774;1;-1;-0.207;-1;-1;-1;-0.163;-1;-0.083;-0.718;0.012
-0.055;-0.002;-0.002;0;0;0;0;0;0;-0.335;0.028;0.111;-0.336;0.017;0.112;0;0;0;0;0;0;0.668;0.132;-0.118;0.959;0.135;0.017;-0.143;0;0.698;0.216;-0.156;0.956;-0.023;-0.043;-0.156;0;0;0;-0.765;0.094;-0.064;0.82;0.098;0.131;-1;0;0;-0.475;-0.14;0.28;-0.152;-0.635;0.256;0.616;-1;-0.194;0.033;0.161;-0.817;-0.995;-0.996;-0.368;0.711;-1;0.811;0.468;-0.309;-1;-1;-1;-0.819;-0.991;-0.889;-0.042;-1;-0.098;0.224;0.529;0.665;0.179;0.583;0.682;-0.77;1;-1;-0.221;-1;-1;-1;-0.167;-1;-0.091;-0.722;0.011
-0.055;-0.001;-0.002;0;0;0;0;0;0;-0.318;0.017;0.095;-0.319;0.007;0.095;0;0;0;0;0;0;0.668;0.131;-0.115;0.958;0.134;0.017;-0.142;0;0.699;0.217;-0.157;0.955;-0.023;-0.043;-0.156;0;0;0;-0.765;0.094;-0.058;0.819;0.098;0.131;-1;0;0;-0.477;-0.141;0.277;-0.152;-0.629;0.284;0.615;-1;-0.194;0.033;0.161;-0.817;-0.995;-0.996;-0.368;0.711;-1;0.811;0.468;-0.309;-1;-1;-1;-0.819;-0.991;-0.889;-0.042;-1;-0.081;0.23;0.531;0.672;0.174;0.572;0.679;-0.763;1;-1;-0.235;-1;-1;-1;-0.17;-1;-0.131;-0.739;0.018
-0.056;0;-0.002;0;0;0;0;0;0;-0.312;0.013;0.087;-0.312;0.004;0.087;0;0;0;0;0;0;0.668;0.13;-0.114;0.958;0.134;0.017;-0.141;0;0.699;0.217;-0.157;0.955;-0.023;-0.044;-0.156;0;0;0;-0.765;0.094;-0.054;0.819;0.098;0.131;-1;0;0;-0.479;-0.141;0.278;-0.151;-0.619;0.304;0.608;-1;-0.194;0.033;0.161;-0.817;-0.995;-0.996;-0.368;0.711;-1;0.811;0.468;-0.309;-1;-1;-1;-0.819;-0.991;-0.889;-0.042;-1;-0.076;0.235;0.533;0.674;0.175;0.563;0.672;-0.76;1;-1;-0.238;-1;-1;-1;-0.167;-1;-0.171;-0.746;0.024
-0.057;0;-0.001;0;0;0;0;0;0;-0.293;0.004;0.071;-0.294;-0.004;0.07;0;0;0;0;0;0;0.668;0.129;-0.112;0.957;0.133;0.017;-0.139;0;0.7;0.218;-0.157;0.955;-0.023;-0.044;-0.157;0;0;0;-0.764;0.094;-0.05;0.819;0.098;0.131;-1;0;0;-0.481;-0.143;0.282;-0.146;-0.587;0.352;0.561;-1;-0.194;0.033;0.161;-0.817;-0.995;-0.996;-0.368;0.711;-1;0.811;0.468;-0.309;-1;-1;-1;-0.819;-0.991;-0.889;-0.042;-1;-0.073;0.245;0.534;0.646;0.189;0.512;0.635;-0.739;1;-1;-0.237;-1;-1;-1;-0.151;-1;-0.279;-0.727;0.001
-0.057;0.001;-0.001;0;0;0;0;0;0;-0.281;0.002;0.057;-0.281;-0.004;0.057;0;0;0;0;0;0;0.668;0.129;-0.111;0.957;0.133;0.017;-0.139;0;0.7;0.219;-0.158;0.955;-0.023;-0.044;-0.157;0;0;0;-0.764;0.094;-0.049;0.819;0.098;0.131;-1;0;0;-0.483;-0.144;0.272;-0.091;-0.568;0.383;0.512;-1;-0.194;0.033;0.161;-0.817;-0.995;-0.996;-0.368;0.711;-1;0.811;0.468;-0.309;-1;-1;-1;-0.819;-0.991;-0.889;-0.042;-1;-0.051;0.247;0.525;0.618;0.231;0.484;0.628;-0.728;1;-1;-0.232;-0.992;-1;-1;-0.142;-1;-0.338;-0.693;-0.042
-0.058;0.002;-0.001;0;0;0;0;0;0;-0.251;-0.006;0.022;-0.251;-0.008;0.021;0;0;0;0;0;0;0.668;0.128;-0.11;0.956;0.133;0.016;-0.137;0;0.701;0.22;-0.158;0.955;-0.023;-0.044;-0.157;0;0;0;-0.763;0.094;-0.049;0.819;0.098;0.131;-1;0;0;-0.49;-0.13;0.262;0.013;-0.538;0.424;0.341;-1;-0.194;0.033;0.161;-0.817;-0.995;-0.996;-0.368;0.711;-1;0.811;0.468;-0.309;-1;-1;-1;-0.819;-0.991;-0.889;-0.042;-1;-0.013;0.273;0.498;0.511;0.402;0.414;0.611;-0.748;1;-1;-0.194;-0.97;-1;-1;-0.143;-0.963;-0.407;-0.638;-0.15
-0.059;0.002;-0.001;0;0;0;0;0;0;-0.234;-0.01;0.003;-0.234;-0.01;0.002;0;0;0;0;0;0;0.668;0.127;-0.11;0.956;0.133;0.016;-0.137;0;0.701;0.22;-0.158;0.955;-0.023;-0.044;-0.157;0;0;0;-0.763;0.094;-0.054;0.818;0.097;0.131;-1;0;0;-0.495;-0.112;0.251;0.054;-0.539;0.423;0.242;-1;-0.194;0.033;0.161;-0.817;-0.995;-0.996;-0.368;0.711;-1;0.811;0.468;-0.309;-1;-1;-1;-0.819;-0.991;-0.889;-0.042;-1;-0.026;0.301;0.498;0.452;0.52;0.406;0.619;-0.789;1;-1;-0.186;-0.981;-1;-1;-0.154;-0.96;-0.405;-0.637;-0.188
-0.06;0.003;-0.001;0;0;0;0;0;0;-0.195;-0.016;-0.038;-0.196;-0.012;-0.039;0;0;0;0;0;0;0.669;0.127;-0.11;0.956;0.133;0.016;-0.135;0;0.701;0.221;-0.158;0.955;-0.024;-0.044;-0.157;0;0;0;-0.763;0.094;-0.064;0.817;0.095;0.131;-1;0;0;-0.488;-0.069;0.228;0.128;-0.55;0.394;0.018;-1;-0.194;0.033;0.161;-0.817;-0.995;-0.996;-0.368;0.711;-1;0.811;0.468;-0.309;-1;-1;-1;-0.819;-0.991;-0.889;-0.042;-1;-0.093;0.365;0.516;0.352;0.693;0.422;0.745;-0.9;1;-1;-0.289;-1;-1;-1;-0.224;-1;-0.391;-0.743;-0.242
-0.06;0.003;-0.002;0;0;0;0;0;0;-0.179;-0.02;-0.057;-0.179;-0.014;-0.058;0;0;0;0;0;0;0.669;0.126;-0.109;0.956;0.134;0.016;-0.135;0;0.701;0.221;-0.158;0.955;-0.024;-0.044;-0.157;0;0;0;-0.763;0.094;-0.069;0.817;0.094;0.131;-1;0;0;-0.476;-0.044;0.202;0.155;-0.557;0.394;0.018;-1;-0.194;0.033;0.161;-0.817;-0.995;-0.996;-0.368;0.711;-1;0.811;0.468;-0.309;-1;-1;-1;-0.819;-0.991;-0.889;-0.042;-1;-0.093;0.365;0.516;0.352;0.693;0.422;0.745;-0.9;1;-1;-0.289;-1;-1;-1;-0.224;-1;-0.391;-0.743;-0.242
-0.061;0.003;-0.002;0;0;0;0;0;0;-0.153;-0.011;-0.091;-0.153;-0.002;-0.091;0;0;0;0;0;0;0.669;0.125;-0.109;0.955;0.134;0.016;-0.134;0;0.701;0.222;-0.158;0.955;-0.025;-0.045;-0.157;0;0;0;-0.763;0.093;-0.076;0.818;0.093;0.131;-1;0;0;-0.462;-0.003;0.127;0.193;-0.56;0.394;0.018;-1;-0.194;0.033;0.161;-0.817;-0.995;-0.996;-0.368;0.711;-1;0.811;0.468;-0.309;-1;-1;-1;-0.819;-0.991;-0.889;-0.042;-1;-0.093;0.365;0.516;0.352;0.693;0.422;0.745;-0.9;1;-1;-0.289;-1;-1;-1;-0.224;-1;-0.391;-0.743;-0.242
-0.058;0.013;-0.004;0;0;0;0;0;0;-0.049;0.027;-0.099;-0.049;0.037;-0.095;0;0;0;0;0;0;0.693;0.136;-0.105;0.95;0.08;0.01;-0.172;0;0.687;0.183;-0.145;0.95;0.022;-0.012;-0.158;0;0;0;-0.749;0.138;-0.099;0.783;0.034;0.124;-1;0;0;-0.533;0.12;-0.096;0.346;-0.809;0.293;0.125;-1;-0.194;0.033;0.161;-0.817;-0.995;-0.996;-0.368;0.711;-1;0.811;0.468;-0.309;-1;-1;-1;-0.819;-0.991;-0.889;-0.042;-1;-0.082;0.15;0.391;0.169;0.499;0.481;0.76;-0.74;1;-1;-0.692;-1;-1;-1;-0.251;-1;-0.397;-0.828;0.029
-0.061;0.004;-0.003;0;0;0;0;0;0;-0.097;0.001;-0.129;-0.098;0.015;-0.128;0;0;0;0;0;0;0.669;0.125;-0.109;0.955;0.135;0.016;-0.133;0;0.701;0.222;-0.157;0.954;-0.026;-0.045;-0.157;0;0;0;-0.762;0.093;-0.082;0.821;0.094;0.131;-1;0;0;-0.46;0.04;-0.001;0.24;-0.557;0.394;0.018;-1;-0.194;0.033;0.161;-0.817;-0.995;-0.996;-0.368;0.711;-1;0.811;0.468;-0.309;-1;-1;-1;-0.819;-0.991;-0.889;-0.042;-1;-0.093;0.365;0.516;0.352;0.693;0.422;0.745;-0.9;1;-1;-0.289;-1;-1;-1;-0.224;-1;-0.391;-0.743;-0.242
-0.062;0.004;-0.004;0;0;0;0;0;0;-0.082;0.004;-0.139;-0.083;0.019;-0.137;0;0;0;0;0;0;0.669;0.125;-0.109;0.955;0.136;0.016;-0.132;0;0.701;0.223;-0.158;0.954;-0.027;-0.045;-0.157;0;0;0;-0.762;0.093;-0.084;0.823;0.094;0.131;-1;0;0;-0.471;0.054;-0.047;0.283;-0.556;0.394;0.018;-1;-0.194;0.033;0.161;-0.817;-0.995;-0.996;-0.368;0.711;-1;0.811;0.468;-0.309;-1;-1;-1;-0.819;-0.991;-0.889;-0.042;-1;-0.093;0.365;0.516;0.352;0.693;0.422;0.745;-0.9;1;-1;-0.289;-1;-1;-1;-0.224;-1;-0.391;-0.743;-0.242
-0.062;0.004;-0.005;0;0;0;0;0;0;-0.058;-0.001;-0.15;-0.059;0.015;-0.149;0;0;0;0;0;0;0.669;0.124;-0.108;0.955;0.137;0.015;-0.131;0;0.701;0.223;-0.157;0.954;-0.028;-0.046;-0.157;0;0;0;-0.761;0.092;-0.09;0.826;0.093;0.131;-1;0;0;-0.494;0.073;-0.125;0.351;-0.554;0.393;0.017;-1;-0.194;0.033;0.161;-0.817;-0.995;-0.996;-0.368;0.711;-1;0.811;0.468;-0.309;-1;-1;-1;-0.819;-0.991;-0.889;-0.042;-1;-0.093;0.365;0.516;0.352;0.693;0.422;0.745;-0.9;1;-1;-0.289;-1;-1;-1;-0.224;-1;-0.391;-0.743;-0.242
-0.062;0.004;-0.007;0;0;0;0;0;0;-0.046;-0.005;-0.151;-0.047;0.011;-0.15;0;0;0;0;0;0;0.669;0.123;-0.105;0.955;0.137;0.016;-0.131;0;0.701;0.223;-0.16;0.954;-0.029;-0.046;-0.157;0;0;0;-0.761;0.091;-0.096;0.828;0.093;0.131;-1;0;0;-0.51;0.082;-0.16;0.395;-0.552;0.393;0.017;-1;-0.194;0.033;0.161;-0.817;-0.995;-0.996;-0.368;0.711;-1;0.811;0.468;-0.309;-1;-1;-1;-0.819;-0.991;-0.889;-0.042;-1;-0.093;0.365;0.516;0.352;0.693;0.422;0.745;-0.9;1;-1;-0.289;-1;-1;-1;-0.224;-1;-0.391;-0.743;-0.242
-0.063;0.005;-0.01;0;0;0;0;0;0;-0.021;-0.01;-0.149;-0.022;0.006;-0.149;0;0;0;0;0;0;0.671;0.122;-0.097;0.955;0.136;0.016;-0.129;0;0.701;0.224;-0.165;0.954;-0.029;-0.048;-0.156;0;0;0;-0.761;0.09;-0.109;0.827;0.092;0.131;-1;0;0;-0.537;0.095;-0.212;0.472;-0.549;0.393;0.018;-1;-0.194;0.033;0.161;-0.817;-0.995;-0.996;-0.368;0.711;-1;0.811;0.468;-0.309;-1;-1;-1;-0.819;-0.991;-0.889;-0.042;-1;-0.093;0.365;0.516;0.352;0.693;0.422;0.745;-0.9;1;-1;-0.289;-1;-1;-1;-0.224;-1;-0.391;-0.743;-0.242
-0.063;0.005;-0.013;0;0;0;0;0;0;-0.008;-0.007;-0.151;-0.009;0.009;-0.151;0;0;0;0;0;0;0.672;0.12;-0.09;0.954;0.134;0.016;-0.127;0;0.702;0.225;-0.171;0.954;-0.028;-0.049;-0.155;0;0;0;-0.761;0.09;-0.12;0.824;0.092;0.131;-1;0;0;-0.555;0.101;-0.229;0.519;-0.546;0.393;0.017;-1;-0.194;0.033;0.161;-0.817;-0.995;-0.996;-0.368;0.711;-1;0.811;0.468;-0.309;-1;-1;-1;-0.819;-0.991;-0.889;-0.042;-1;-0.093;0.365;0.516;0.352;0.693;0.422;0.745;-0.9;1;-1;-0.289;-1;-1;-1;-0.224;-1;-0.391;-0.743;-0.242
-0.063;0.005;-0.015;0;0;0;0;0;0;0.003;-0.002;-0.148;0.003;0.014;-0.147;0;0;0;0;0;0;0.674;0.116;-0.08;0.954;0.131;0.016;-0.122;0;0.703;0.228;-0.177;0.954;-0.025;-0.051;-0.154;0;0;0;-0.762;0.089;-0.137;0.818;0.092;0.13;-1;0;0;-0.584;0.109;-0.253;0.599;-0.541;0.393;0.017;-1;-0.194;0.033;0.161;-0.817;-0.995;-0.996;-0.368;0.711;-1;0.811;0.468;-0.309;-1;-1;-1;-0.819;-0.991;-0.889;-0.042;-1;-0.093;0.365;0.516;0.352;0.693;0.422;0.745;-0.9;1;-1;-0.289;-1;-1;-1;-0.224;-1;-0.391;-0.743;-0.242
-0.063;0.005;-0.017;0;0;0;0;0;0;0.007;0.002;-0.147;0.006;0.017;-0.146;0;0;0;0;0;0;0.675;0.114;-0.074;0.953;0.13;0.017;-0.119;0;0.704;0.229;-0.182;0.954;-0.025;-0.052;-0.153;0;0;0;-0.763;0.088;-0.15;0.814;0.094;0.13;-1;0;0;-0.601;0.113;-0.262;0.645;-0.538;0.393;0.017;-1;-0.194;0.033;0.161;-0.817;-0.995;-0.996;-0.368;0.711;-1;0.811;0.468;-0.309;-1;-1;-1;-0.819;-0.991;-0.889;-0.042;-1;-0.093;0.365;0.516;0.352;0.693;0.422;0.745;-0.9;1;-1;-0.289;-1;-1;-1;-0.224;-1;-0.391;-0.743;-0.242
-0.064;0.005;-0.018;0;0;0;0;0;0;0.018;0.008;-0.149;0.017;0.024;-0.148;0;0;0;0;0;0;0.677;0.11;-0.068;0.952;0.129;0.017;-0.112;0;0.706;0.232;-0.186;0.953;-0.024;-0.055;-0.153;0;0;0;-0.766;0.087;-0.169;0.808;0.097;0.13;-1;0;0;-0.627;0.118;-0.271;0.717;-0.536;0.393;0.017;-1;-0.194;0.033;0.161;-0.817;-0.995;-0.996;-0.368;0.711;-1;0.811;0.468;-0.309;-1;-1;-1;-0.819;-0.991;-0.889;-0.042;-1;-0.093;0.365;0.516;0.352;0.693;0.422;0.745;-0.9;1;-1;-0.289;-1;-1;-1;-0.224;-1;-0.391;-0.743;-0.242
-0.065;0.006;-0.018;0;0;0;0;0;0;0.028;0.013;-0.153;0.027;0.029;-0.151;0;0;0;0;0;0;0.678;0.108;-0.066;0.951;0.128;0.018;-0.108;0;0.707;0.234;-0.187;0.953;-0.023;-0.056;-0.154;0;0;0;-0.767;0.087;-0.178;0.805;0.099;0.13;-1;0;0;-0.639;0.121;-0.269;0.757;-0.537;0.393;0.017;-1;-0.194;0.033;0.161;-0.817;-0.995;-0.996;-0.368;0.711;-1;0.811;0.468;-0.309;-1;-1;-1;-0.819;-0.991;-0.889;-0.042;-1;-0.093;0.365;0.516;0.352;0.693;0.422;0.745;-0.9;1;-1;-0.289;-1;-1;-1;-0.224;-1;-0.391;-0.743;-0.242
-0.066;0.007;-0.016;0;0;0;0;0;0;0.042;0.02;-0.154;0.041;0.036;-0.152;0;0;0;0;0;0;0.68;0.105;-0.067;0.949;0.128;0.019;-0.101;0;0.709;0.236;-0.186;0.953;-0.024;-0.057;-0.154;0;0;0;-0.77;0.088;-0.175;0.8;0.1;0.13;-1;0;0;-0.657;0.124;-0.254;0.81;-0.552;0.392;0.015;-1;-0.194;0.033;0.161;-0.817;-0.995;-0.996;-0.368;0.711;-1;0.811;0.468;-0.309;-1;-1;-1;-0.819;-0.991;-0.889;-0.042;-1;-0.093;0.365;0.516;0.352;0.693;0.422;0.745;-0.9;1;-1;-0.289;-1;-1;-1;-0.224;-1;-0.391;-0.743;-0.242
-0.067;0.008;-0.015;0;0;0;0;0;0;0.041;0.019;-0.152;0.041;0.035;-0.149;0;0;0;0;0;0;0.682;0.103;-0.068;0.947;0.129;0.02;-0.097;0;0.71;0.237;-0.183;0.952;-0.026;-0.058;-0.155;0;0;0;-0.771;0.089;-0.168;0.797;0.1;0.129;-1;0;0;-0.664;0.126;-0.239;0.83;-0.567;0.392;0.014;-1;-0.194;0.033;0.161;-0.817;-0.995;-0.996;-0.368;0.711;-1;0.811;0.468;-0.309;-1;-1;-1;-0.819;-0.991;-0.889;-0.042;-1;-0.093;0.365;0.516;0.352;0.693;0.422;0.745;-0.9;1;-1;-0.289;-1;-1;-1;-0.224;-1;-0.391;-0.743;-0.242
-0.069;0.01;-0.012;0;0;0;0;0;0;0.046;0.02;-0.149;0.045;0.036;-0.146;0;0;0;0;0;0;0.684;0.101;-0.074;0.945;0.134;0.02;-0.092;0;0.712;0.238;-0.177;0.951;-0.031;-0.058;-0.157;0;0;0;-0.773;0.092;-0.159;0.792;0.098;0.129;-1;0;0;-0.673;0.129;-0.205;0.854;-0.598;0.392;0.013;-1;-0.194;0.033;0.161;-0.817;-0.995;-0.996;-0.368;0.711;-1;0.811;0.468;-0.309;-1;-1;-1;-0.819;-0.991;-0.889;-0.042;-1;-0.093;0.365;0.516;0.352;0.693;0.422;0.745;-0.9;1;-1;-0.289;-1;-1;-1;-0.224;-1;-0.391;-0.743;-0.242
-0.069;0.011;-0.012;0;0;0;0;0;0;0.047;0.02;-0.148;0.046;0.035;-0.145;0;0;0;0;0;0;0.685;0.101;-0.08;0.944;0.139;0.02;-0.09;0;0.713;0.238;-0.17;0.95;-0.036;-0.057;-0.159;0;0;0;-0.774;0.093;-0.152;0.79;0.097;0.129;-1;0;0;-0.677;0.131;-0.181;0.862;-0.617;0.392;0.013;-1;-0.194;0.033;0.161;-0.817;-0.995;-0.996;-0.368;0.711;-1;0.811;0.468;-0.309;-1;-1;-1;-0.819;-0.991;-0.889;-0.042;-1;-0.093;0.365;0.516;0.352;0.693;0.422;0.745;-0.9;1;-1;-0.289;-1;-1;-1;-0.224;-1;-0.391;-0.743;-0.242
-0.07;0.013;-0.01;0;0;0;0;0;0;0.049;0.02;-0.141;0.049;0.035;-0.138;0;0;0;0;0;0;0.686;0.102;-0.093;0.943;0.149;0.019;-0.088;0;0.714;0.236;-0.158;0.948;-0.046;-0.057;-0.161;0;0;0;-0.775;0.096;-0.144;0.786;0.092;0.129;-1;0;0;-0.683;0.137;-0.138;0.871;-0.653;0.392;0.012;-1;-0.194;0.033;0.161;-0.817;-0.995;-0.996;-0.368;0.711;-1;0.811;0.468;-0.309;-1;-1;-1;-0.819;-0.991;-0.889;-0.042;-1;-0.093;0.365;0.516;0.352;0.693;0.422;0.745;-0.9;1;-1;-0.289;-1;-1;-1;-0.224;-1;-0.391;-0.743;-0.242
-0.07;0.016;-0.009;0;0;0;0;0;0;0.047;0.019;-0.134;0.046;0.034;-0.132;0;0;0;0;0;0;0.686;0.106;-0.11;0.942;0.161;0.017;-0.089;0;0.714;0.231;-0.14;0.946;-0.059;-0.057;-0.163;0;0;0;-0.775;0.098;-0.131;0.782;0.087;0.128;-1;0;0;-0.687;0.145;-0.089;0.872;-0.688;0.392;0.012;-1;-0.194;0.033;0.161;-0.817;-0.995;-0.996;-0.368;0.711;-1;0.811;0.468;-0.309;-1;-1;-1;-0.819;-0.991;-0.889;-0.042;-1;-0.093;0.365;0.516;0.352;0.693;0.422;0.745;-0.9;1;-1;-0.289;-1;-1;-1;-0.224;-1;-0.391;-0.743;-0.242
-0.07;0.017;-0.008;0;0;0;0;0;0;0.045;0.019;-0.13;0.045;0.033;-0.128;0;0;0;0;0;0;0.685;0.108;-0.118;0.943;0.166;0.017;-0.09;0;0.715;0.229;-0.132;0.945;-0.065;-0.057;-0.164;0;0;0;-0.775;0.1;-0.124;0.781;0.084;0.128;-1;0;0;-0.689;0.149;-0.047;0.877;-0.686;0.392;0.013;-1;-0.194;0.033;0.161;-0.817;-0.995;-0.996;-0.368;0.711;-1;0.811;0.468;-0.309;-1;-1;-1;-0.819;-0.991;-0.889;-0.042;-1;-0.093;0.365;0.516;0.352;0.693;0.422;0.745;-0.9;1;-1;-0.289;-1;-1;-1;-0.224;-1;-0.391;-0.743;-0.242
-0.07;0.018;-0.007;0;0;0;0;0;0;0.046;0.02;-0.127;0.045;0.033;-0.124;0;0;0;0;0;0;0.685;0.11;-0.123;0.943;0.169;0.016;-0.092;0;0.714;0.227;-0.126;0.944;-0.069;-0.057;-0.165;0;0;0;-0.774;0.1;-0.119;0.78;0.082;0.128;-1;0;0;-0.69;0.152;-0.003;0.883;-0.677;0.392;0.013;-1;-0.194;0.033;0.161;-0.817;-0.995;-0.996;-0.368;0.711;-1;0.811;0.468;-0.309;-1;-1;-1;-0.819;-0.991;-0.889;-0.042;-1;-0.093;0.365;0.516;0.352;0.693;0.422;0.745;-0.9;1;-1;-0.289;-1;-1;-1;-0.224;-1;-0.391;-0.743;-0.242
-0.069;0.02;-0.004;0;0;0;0;0;0;0.046;0.021;-0.125;0.045;0.034;-0.123;0;0;0;0;0;0;0.683;0.115;-0.136;0.943;0.175;0.016;-0.098;0;0.714;0.221;-0.11;0.943;-0.078;-0.057;-0.164;0;0;0;-0.774;0.103;-0.108;0.777;0.076;0.128;-1;0;0;-0.691;0.159;0.079;0.89;-0.66;0.393;0.014;-1;-0.194;0.033;0.161;-0.817;-0.995;-0.996;-0.368;0.711;-1;0.811;0.468;-0.309;-1;-1;-1;-0.819;-0.991;-0.889;-0.042;-1;-0.093;0.365;0.516;0.352;0.693;0.422;0.745;-0.9;1;-1;-0.289;-1;-1;-1;-0.224;-1;-0.391;-0.743;-0.242
-0.069;0.02;-0.003;0;0;0;0;0;0;0.047;0.023;-0.125;0.046;0.036;-0.123;0;0;0;0;0;0;0.682;0.116;-0.138;0.943;0.176;0.016;-0.099;0;0.713;0.22;-0.106;0.943;-0.08;-0.057;-0.164;0;0;0;-0.773;0.103;-0.106;0.777;0.075;0.128;-1;0;0;-0.692;0.161;0.09;0.89;-0.658;0.393;0.015;-1;-0.194;0.033;0.161;-0.817;-0.995;-0.996;-0.368;0.711;-1;0.811;0.468;-0.309;-1;-1;-1;-0.819;-0.991;-0.889;-0.042;-1;-0.093;0.365;0.516;0.352;0.693;0.422;0.745;-0.9;1;-1;-0.289;-1;-1;-1;-0.224;-1;-0.391;-0.743;-0.242
-0.068;0.021;-0.002;0;0;0;0;0;0;0.05;0.026;-0.125;0.049;0.039;-0.122;0;0;0;0;0;0;0.681;0.118;-0.142;0.943;0.178;0.015;-0.103;0;0.713;0.217;-0.101;0.942;-0.082;-0.056;-0.163;0;0;0;-0.773;0.104;-0.105;0.776;0.073;0.128;-1;0;0;-0.693;0.164;0.106;0.886;-0.652;0.393;0.015;-1;-0.194;0.033;0.161;-0.817;-0.995;-0.996;-0.368;0.711;-1;0.811;0.468;-0.309;-1;-1;-1;-0.819;-0.991;-0.889;-0.042;-1;-0.093;0.365;0.516;0.352;0.693;0.422;0.745;-0.9;1;-1;-0.289;-1;-1;-1;-0.224;-1;-0.391;-0.743;-0.242
-0.074;0.004;-0.005;0;0;0;0;0;0;0.056;-0.002;-0.119;0.055;0.011;-0.119;0;0;0;0;0;0;0.699;0.101;-0.102;0.947;0.125;0.01;-0.114;0;0.702;0.197;-0.137;0.953;-0.016;-0.035;-0.16;0;0;0;-0.749;0.129;-0.182;0.757;0.042;0.125;-1;0;0;-0.704;0.144;0.068;0.817;-0.832;0.293;0.125;-1;-0.194;0.033;0.161;-0.817;-0.995;-0.996;-0.368;0.711;-1;0.811;0.468;-0.309;-1;-1;-1;-0.819;-0.991;-0.889;-0.042;-1;-0.082;0.15;0.391;0.169;0.499;0.481;0.76;-0.74;1;-1;-0.692;-1;-1;-1;-0.251;-1;-0.397;-0.828;0.029
-0.066;0.023;0;0;0;0;0;0;0;0.053;0.03;-0.122;0.053;0.043;-0.118;0;0;0;0;0;0;0.678;0.122;-0.143;0.944;0.178;0.016;-0.112;0;0.71;0.212;-0.101;0.942;-0.081;-0.055;-0.16;0;0;0;-0.772;0.105;-0.109;0.775;0.069;0.127;-1;0;0;-0.696;0.169;0.107;0.87;-0.641;0.393;0.015;-1;-0.194;0.033;0.161;-0.817;-0.995;-0.996;-0.368;0.711;-1;0.811;0.468;-0.309;-1;-1;-1;-0.819;-0.991;-0.889;-0.042;-1;-0.093;0.365;0.516;0.352;0.693;0.422;0.745;-0.9;1;-1;-0.289;-1;-1;-1;-0.224;-1;-0.391;-0.743;-0.242
-0.062;0.007;0.002;0;0;0;0;0;0;-0.214;0.067;0.242;-0.216;0.041;0.246;0;0;0;0;0;0;0.66;0.139;-0.123;0.945;0.071;0.004;-0.123;0;0.635;0.176;-0.115;0.95;0.021;-0.009;-0.167;0;0;0;-0.781;0.133;-0.026;0.814;0.032;0.124;-1;0;0;-0.273;0.326;0.403;0.042;-0.703;0.361;-0.119;-1;-0.194;0.033;0.161;-0.817;-0.995;-0.996;-0.368;0.711;-1;0.811;0.468;-0.309;-1;-1;-1;-0.819;-0.991;-0.889;-0.042;-1;0.144;0.17;0.493;-0.592;0.536;-1;-0.644;-0.665;1;-1;-0.521;-0.558;-1;-1;-0.773;-0.692;-0.357;-0.671;-0.736
-0.064;0.023;0.001;0;0;0;0;0;0;0.053;0.032;-0.116;0.053;0.044;-0.112;0;0;0;0;0;0;0.676;0.124;-0.136;0.944;0.173;0.017;-0.12;0;0.708;0.208;-0.11;0.942;-0.074;-0.054;-0.156;0;0;0;-0.77;0.105;-0.115;0.774;0.067;0.127;-1;0;0;-0.699;0.173;0.06;0.836;-0.623;0.393;0.015;-1;-0.194;0.033;0.161;-0.817;-0.995;-0.996;-0.368;0.711;-1;0.811;0.468;-0.309;-1;-1;-1;-0.819;-0.991;-0.889;-0.042;-1;-0.093;0.365;0.516;0.352;0.693;0.422;0.745;-0.9;1;-1;-0.289;-1;-1;-1;-0.224;-1;-0.391;-0.743;-0.242
-0.063;0.024;0.002;0;0;0;0;0;0;0.053;0.031;-0.113;0.052;0.043;-0.11;0;0;0;0;0;0;0.675;0.125;-0.135;0.944;0.171;0.017;-0.122;0;0.707;0.207;-0.112;0.942;-0.072;-0.054;-0.156;0;0;0;-0.77;0.105;-0.118;0.774;0.066;0.127;-1;0;0;-0.7;0.174;0.018;0.81;-0.61;0.393;0.015;-1;-0.194;0.033;0.161;-0.817;-0.995;-0.996;-0.368;0.711;-1;0.811;0.468;-0.309;-1;-1;-1;-0.819;-0.991;-0.889;-0.042;-1;-0.093;0.365;0.516;0.352;0.693;0.422;0.745;-0.9;1;-1;-0.289;-1;-1;-1;-0.224;-1;-0.391;-0.743;-0.242
-0.062;0.024;0.002;0;0;0;0;0;0;0.051;0.03;-0.111;0.05;0.042;-0.108;0;0;0;0;0;0;0.675;0.126;-0.131;0.944;0.168;0.017;-0.125;0;0.706;0.205;-0.115;0.942;-0.07;-0.053;-0.155;0;0;0;-0.769;0.105;-0.122;0.775;0.065;0.127;-1;0;0;-0.701;0.174;-0.028;0.776;-0.6;0.393;0.016;-1;-0.194;0.033;0.161;-0.817;-0.995;-0.996;-0.368;0.711;-1;0.811;0.468;-0.309;-1;-1;-1;-0.819;-0.991;-0.889;-0.042;-1;-0.093;0.365;0.516;0.352;0.693;0.422;0.745;-0.9;1;-1;-0.289;-1;-1;-1;-0.224;-1;-0.391;-0.743;-0.242
-0.062;0.025;0.003;0;0;0;0;0;0;0.049;0.028;-0.111;0.048;0.039;-0.107;0;0;0;0;0;0;0.674;0.126;-0.127;0.944;0.165;0.017;-0.128;0;0.705;0.205;-0.119;0.942;-0.067;-0.052;-0.154;0;0;0;-0.768;0.105;-0.127;0.776;0.065;0.127;-1;0;0;-0.703;0.175;-0.059;0.749;-0.595;0.393;0.016;-1;-0.194;0.033;0.161;-0.817;-0.995;-0.996;-0.368;0.711;-1;0.811;0.468;-0.309;-1;-1;-1;-0.819;-0.991;-0.889;-0.042;-1;-0.093;0.365;0.516;0.352;0.693;0.422;0.745;-0.9;1;-1;-0.289;-1;-1;-1;-0.224;-1;-0.391;-0.743;-0.242
-0.061;0.025;0.003;0;0;0;0;0;0;0.047;0.026;-0.113;0.047;0.038;-0.109;0;0;0;0;0;0;0.674;0.126;-0.125;0.944;0.163;0.017;-0.13;0;0.705;0.205;-0.121;0.942;-0.064;-0.052;-0.154;0;0;0;-0.767;0.105;-0.13;0.777;0.065;0.127;-1;0;0;-0.705;0.174;-0.073;0.736;-0.593;0.393;0.017;-1;-0.194;0.033;0.161;-0.817;-0.995;-0.996;-0.368;0.711;-1;0.811;0.468;-0.309;-1;-1;-1;-0.819;-0.991;-0.889;-0.042;-1;-0.093;0.365;0.516;0.352;0.693;0.422;0.745;-0.9;1;-1;-0.289;-1;-1;-1;-0.224;-1;-0.391;-0.743;-0.242
-0.06;0.025;0.004;0;0;0;0;0;0;0.046;0.023;-0.117;0.046;0.035;-0.115;0;0;0;0;0;0;0.674;0.125;-0.12;0.943;0.159;0.017;-0.132;0;0.705;0.205;-0.126;0.943;-0.06;-0.051;-0.153;0;0;0;-0.767;0.105;-0.135;0.778;0.065;0.127;-1;0;0;-0.707;0.174;-0.091;0.717;-0.593;0.393;0.017;-1;-0.194;0.033;0.161;-0.817;-0.995;-0.996;-0.368;0.711;-1;0.811;0.468;-0.309;-1;-1;-1;-0.819;-0.991;-0.889;-0.042;-1;-0.093;0.365;0.516;0.352;0.693;0.422;0.745;-0.9;1;-1;-0.289;-1;-1;-1;-0.224;-1;-0.391;-0.743;-0.242
-0.059;0.025;0.003;0;0;0;0;0;0;0.044;0.021;-0.124;0.044;0.034;-0.121;0;0;0;0;0;0;0.674;0.124;-0.115;0.943;0.156;0.017;-0.134;0;0.705;0.206;-0.132;0.943;-0.056;-0.05;-0.153;0;0;0;-0.767;0.104;-0.14;0.778;0.066;0.127;-1;0;0;-0.709;0.173;-0.101;0.703;-0.593;0.393;0.017;-1;-0.194;0.033;0.161;-0.817;-0.995;-0.996;-0.368;0.711;-1;0.811;0.468;-0.309;-1;-1;-1;-0.819;-0.991;-0.889;-0.042;-1;-0.093;0.365;0.516;0.352;0.693;0.422;0.745;-0.9;1;-1;-0.289;-1;-1;-1;-0.224;-1;-0.391;-0.743;-0.242
-0.059;0.026;0.003;0;0;0;0;0;0;0.042;0.021;-0.128;0.042;0.034;-0.125;0;0;0;0;0;0;0.675;0.123;-0.113;0.944;0.154;0.017;-0.135;0;0.705;0.206;-0.134;0.943;-0.053;-0.05;-0.153;0;0;0;-0.767;0.104;-0.142;0.779;0.067;0.127;-1;0;0;-0.71;0.172;-0.101;0.698;-0.593;0.393;0.017;-1;-0.194;0.033;0.161;-0.817;-0.995;-0.996;-0.368;0.711;-1;0.811;0.468;-0.309;-1;-1;-1;-0.819;-0.991;-0.889;-0.042;-1;-0.093;0.365;0.516;0.352;0.693;0.422;0.745;-0.9;1;-1;-0.289;-1;-1;-1;-0.224;-1;-0.391;-0.743;-0.242
-0.058;0.025;0.003;0;0;0;0;0;0;0.037;0.021;-0.134;0.036;0.035;-0.131;0;0;0;0;0;0;0.675;0.122;-0.109;0.944;0.152;0.017;-0.136;0;0.705;0.207;-0.138;0.943;-0.05;-0.049;-0.153;0;0;0;-0.767;0.103;-0.144;0.779;0.068;0.127;-1;0;0;-0.712;0.171;-0.1;0.691;-0.594;0.393;0.017;-1;-0.194;0.033;0.161;-0.817;-0.995;-0.996;-0.368;0.711;-1;0.811;0.468;-0.309;-1;-1;-1;-0.819;-0.991;-0.889;-0.042;-1;-0.093;0.365;0.516;0.352;0.693;0.422;0.745;-0.9;1;-1;-0.289;-1;-1;-1;-0.224;-1;-0.391;-0.743;-0.242
-0.057;0.025;0.003;0;0;0;0;0;0;0.033;0.023;-0.138;0.032;0.037;-0.135;0;0;0;0;0;0;0.676;0.121;-0.107;0.944;0.151;0.017;-0.136;0;0.705;0.207;-0.14;0.943;-0.048;-0.049;-0.154;0;0;0;-0.767;0.103;-0.145;0.78;0.068;0.127;-1;0;0;-0.713;0.171;-0.098;0.69;-0.594;0.393;0.017;-1;-0.194;0.033;0.161;-0.817;-0.995;-0.996;-0.368;0.711;-1;0.811;0.468;-0.309;-1;-1;-1;-0.819;-0.991;-0.889;-0.042;-1;-0.093;0.365;0.516;0.352;0.693;0.422;0.745;-0.9;1;-1;-0.289;-1;-1;-1;-0.224;-1;-0.391;-0.743;-0.242
-0.057;0.024;0.002;0;0;0;0;0;0;0.024;0.023;-0.144;0.023;0.038;-0.141;0;0;0;0;0;0;0.677;0.12;-0.105;0.944;0.149;0.017;-0.137;0;0.706;0.208;-0.142;0.943;-0.046;-0.048;-0.154;0;0;0;-0.767;0.103;-0.146;0.78;0.068;0.127;-1;0;0;-0.715;0.17;-0.093;0.691;-0.595;0.393;0.017;-1;-0.194;0.033;0.161;-0.817;-0.995;-0.996;-0.368;0.711;-1;0.811;0.468;-0.309;-1;-1;-1;-0.819;-0.991;-0.889;-0.042;-1;-0.093;0.365;0.516;0.352;0.693;0.422;0.745;-0.9;1;-1;-0.289;-1;-1;-1;-0.224;-1;-0.391;-0.743;-0.242
-0.056;0.023;0.002;0;0;0;0;0;0;0.021;0.024;-0.147;0.021;0.04;-0.144;0;0;0;0;0;0;0.678;0.12;-0.104;0.944;0.148;0.017;-0.137;0;0.707;0.209;-0.142;0.943;-0.046;-0.048;-0.155;0;0;0;-0.767;0.103;-0.147;0.78;0.067;0.127;-1;0;0;-0.716;0.169;-0.088;0.694;-0.595;0.393;0.017;-1;-0.194;0.033;0.161;-0.817;-0.995;-0.996;-0.368;0.711;-1;0.811;0.468;-0.309;-1;-1;-1;-0.819;-0.991;-0.889;-0.042;-1;-0.093;0.365;0.516;0.352;0.693;0.422;0.745;-0.9;1;-1;-0.289;-1;-1;-1;-0.224;-1;-0.391;-0.743;-0.242
-0.056;0.022;0.001;0;0;0;0;0;0;0.019;0.027;-0.155;0.019;0.043;-0.151;0;0;0;0;0;0;0.679;0.119;-0.103;0.944;0.148;0.017;-0.137;0;0.708;0.209;-0.143;0.943;-0.045;-0.047;-0.155;0;0;0;-0.767;0.103;-0.148;0.78;0.067;0.127;-1;0;0;-0.718;0.168;-0.08;0.702;-0.597;0.393;0.017;-1;-0.194;0.033;0.161;-0.817;-0.995;-0.996;-0.368;0.711;-1;0.811;0.468;-0.309;-1;-1;-1;-0.819;-0.991;-0.889;-0.042;-1;-0.093;0.365;0.516;0.352;0.693;0.422;0.745;-0.9;1;-1;-0.289;-1;-1;-1;-0.224;-1;-0.391;-0.743;-0.242
-0.056;0.022;0.001;0;0;0;0;0;0;0.019;0.028;-0.159;0.018;0.045;-0.155;0;0;0;0;0;0;0.68;0.118;-0.102;0.944;0.147;0.017;-0.136;0;0.709;0.209;-0.143;0.943;-0.045;-0.047;-0.156;0;0;0;-0.767;0.103;-0.149;0.78;0.066;0.127;-1;0;0;-0.719;0.167;-0.072;0.71;-0.597;0.393;0.017;-1;-0.194;0.033;0.161;-0.817;-0.995;-0.996;-0.368;0.711;-1;0.811;0.468;-0.309;-1;-1;-1;-0.819;-0.991;-0.889;-0.042;-1;-0.093;0.365;0.516;0.352;0.693;0.422;0.745;-0.9;1;-1;-0.289;-1;-1;-1;-0.224;-1;-0.391;-0.743;-0.242
-0.056;0.02;0;0;0;0;0;0;0;0.023;0.03;-0.161;0.022;0.047;-0.157;0;0;0;0;0;0;0.683;0.117;-0.101;0.943;0.146;0.017;-0.136;0;0.711;0.21;-0.143;0.943;-0.045;-0.047;-0.156;0;0;0;-0.766;0.104;-0.152;0.781;0.065;0.127;-1;0;0;-0.72;0.167;-0.058;0.722;-0.599;0.393;0.017;-1;-0.194;0.033;0.161;-0.817;-0.995;-0.996;-0.368;0.711;-1;0.811;0.468;-0.309;-1;-1;-1;-0.819;-0.991;-0.889;-0.042;-1;-0.093;0.365;0.516;0.352;0.693;0.422;0.745;-0.9;1;-1;-0.289;-1;-1;-1;-0.224;-1;-0.391;-0.743;-0.242
-0.056;0.02;-0.001;0;0;0;0;0;0;0.028;0.03;-0.162;0.027;0.047;-0.158;0;0;0;0;0;0;0.684;0.117;-0.1;0.943;0.146;0.018;-0.135;0;0.712;0.21;-0.143;0.943;-0.045;-0.047;-0.157;0;0;0;-0.766;0.104;-0.154;0.781;0.065;0.127;-1;0;0;-0.72;0.167;-0.048;0.731;-0.6;0.393;0.017;-1;-0.194;0.033;0.161;-0.817;-0.995;-0.996;-0.368;0.711;-1;0.811;0.468;-0.309;-1;-1;-1;-0.819;-0.991;-0.889;-0.042;-1;-0.093;0.365;0.516;0.352;0.693;0.422;0.745;-0.9;1;-1;-0.289;-1;-1;-1;-0.224;-1;-0.391;-0.743;-0.242
-0.056;0.018;-0.002;0;0;0;0;0;0;0.036;0.031;-0.162;0.035;0.048;-0.158;0;0;0;0;0;0;0.688;0.116;-0.1;0.942;0.146;0.018;-0.134;0;0.713;0.209;-0.142;0.943;-0.046;-0.047;-0.157;0;0;0;-0.766;0.104;-0.16;0.782;0.064;0.127;-1;0;0;-0.721;0.166;-0.03;0.745;-0.603;0.393;0.017;-1;-0.194;0.033;0.161;-0.817;-0.995;-0.996;-0.368;0.711;-1;0.811;0.468;-0.309;-1;-1;-1;-0.819;-0.991;-0.889;-0.042;-1;-0.093;0.365;0.516;0.352;0.693;0.422;0.745;-0.9;1;-1;-0.289;-1;-1;-1;-0.224;-1;-0.391;-0.743;-0.242
-0.056;0.018;-0.002;0;0;0;0;0;0;0.041;0.03;-0.16;0.04;0.047;-0.156;0;0;0;0;0;0;0.69;0.116;-0.1;0.941;0.146;0.019;-0.133;0;0.714;0.209;-0.141;0.943;-0.047;-0.047;-0.157;0;0;0;-0.766;0.104;-0.162;0.782;0.064;0.127;-1;0;0;-0.72;0.166;-0.018;0.753;-0.605;0.393;0.017;-1;-0.194;0.033;0.161;-0.817;-0.995;-0.996;-0.368;0.711;-1;0.811;0.468;-0.309;-1;-1;-1;-0.819;-0.991;-0.889;-0.042;-1;-0.093;0.365;0.516;0.352;0.693;0.422;0.745;-0.9;1;-1;-0.289;-1;-1;-1;-0.224;-1;-0.391;-0.743;-0.242
-0.056;0.017;-0.003;0;0;0;0;0;0;0.042;0.031;-0.16;0.041;0.048;-0.156;0;0;0;0;0;0;0.692;0.116;-0.1;0.941;0.147;0.019;-0.132;0;0.715;0.209;-0.139;0.943;-0.049;-0.047;-0.158;0;0;0;-0.766;0.104;-0.164;0.783;0.065;0.127;-1;0;0;-0.72;0.166;-0.006;0.762;-0.608;0.393;0.016;-1;-0.194;0.033;0.161;-0.817;-0.995;-0.996;-0.368;0.711;-1;0.811;0.468;-0.309;-1;-1;-1;-0.819;-0.991;-0.889;-0.042;-1;-0.093;0.365;0.516;0.352;0.693;0.422;0.745;-0.9;1;-1;-0.289;-1;-1;-1;-0.224;-1;-0.391;-0.743;-0.242
-0.056;0.016;-0.004;0;0;0;0;0;0;0.045;0.03;-0.158;0.044;0.046;-0.154;0;0;0;0;0;0;0.695;0.116;-0.102;0.94;0.148;0.019;-0.131;0;0.716;0.208;-0.137;0.943;-0.051;-0.047;-0.158;0;0;0;-0.767;0.103;-0.165;0.784;0.067;0.127;-1;0;0;-0.718;0.167;0.011;0.774;-0.613;0.393;0.016;-1;-0.194;0.033;0.161;-0.817;-0.995;-0.996;-0.368;0.711;-1;0.811;0.468;-0.309;-1;-1;-1;-0.819;-0.991;-0.889;-0.042;-1;-0.093;0.365;0.516;0.352;0.693;0.422;0.745;-0.9;1;-1;-0.289;-1;-1;-1;-0.224;-1;-0.391;-0.743;-0.242
-0.063;0.004;0.001;0;0;0;0;0;0;0.142;0.021;-0.023;0.142;0.024;-0.021;0;0;0;0;0;0;0.694;0.127;-0.154;0.946;0.135;0.011;-0.15;0;0.69;0.168;-0.099;0.943;-0.027;-0.023;-0.164;0;0;0;-0.754;0.11;-0.112;0.789;0.065;0.127;-1;0;0;-0.705;0.162;-0.018;0.788;-0.567;0.227;-0.332;-1;-0.194;0.033;0.161;-0.817;-0.995;-0.996;-0.368;0.711;-1;0.811;0.468;-0.309;-1;-1;-1;-0.819;-0.991;-0.889;-0.042;-1;0.387;0.305;0.535;-0.061;0.35;0.499;0.805;-0.758;1;-0.838;-0.551;-1;-1;-1;-0.2;-1;0.017;-0.753;0.001
-0.068;0.012;0;0;0;0;0;0;0;0.042;0.013;-0.094;0.042;0.023;-0.092;0;0;0;0;0;0;0.698;0.118;-0.132;0.947;0.138;0.013;-0.127;0;0.703;0.189;-0.12;0.95;-0.033;-0.033;-0.161;0;0;0;-0.766;0.119;-0.092;0.783;0.055;0.126;-1;0;0;-0.697;0.143;-0.028;0.805;-0.837;0.293;0.123;-1;-0.194;0.033;0.161;-0.817;-0.995;-0.996;-0.368;0.711;-1;0.811;0.468;-0.309;-1;-1;-1;-0.819;-0.991;-0.889;-0.042;-1;-0.082;0.15;0.391;0.169;0.499;0.481;0.76;-0.74;1;-1;-0.692;-1;-1;-1;-0.251;-1;-0.397;-0.828;0.029
-0.057;0.015;-0.004;0;0;0;0;0;0;0.029;0.027;-0.15;0.029;0.043;-0.146;0;0;0;0;0;0;0.7;0.116;-0.107;0.941;0.152;0.017;-0.131;0;0.719;0.206;-0.136;0.943;-0.052;-0.048;-0.157;0;0;0;-0.768;0.103;-0.16;0.786;0.07;0.127;-1;0;0;-0.716;0.167;0.033;0.79;-0.618;0.393;0.016;-1;-0.194;0.033;0.161;-0.817;-0.995;-0.996;-0.368;0.711;-1;0.811;0.468;-0.309;-1;-1;-1;-0.819;-0.991;-0.889;-0.042;-1;-0.093;0.365;0.516;0.352;0.693;0.422;0.745;-0.9;1;-1;-0.289;-1;-1;-1;-0.224;-1;-0.391;-0.743;-0.242
-0.057;0.014;-0.004;0;0;0;0;0;0;0.025;0.029;-0.148;0.024;0.044;-0.144;0;0;0;0;0;0;0.701;0.117;-0.109;0.941;0.153;0.017;-0.131;0;0.719;0.205;-0.135;0.943;-0.053;-0.048;-0.157;0;0;0;-0.769;0.103;-0.157;0.787;0.07;0.127;-1;0;0;-0.715;0.167;0.035;0.793;-0.62;0.393;0.016;-1;-0.194;0.033;0.161;-0.817;-0.995;-0.996;-0.368;0.711;-1;0.811;0.468;-0.309;-1;-1;-1;-0.819;-0.991;-0.889;-0.042;-1;-0.093;0.365;0.516;0.352;0.693;0.422;0.745;-0.9;1;-1;-0.289;-1;-1;-1;-0.224;-1;-0.391;-0.743;-0.242
